{
    "accuracy": 0.8983451536643026,
    "precision": 0.9119170984455959,
    "recall": 0.8712871287128713,
    "f1": 0.8911392405063291
}