{
    "accuracy": 0.34988179669030733,
    "precision": 0.40054495912806537,
    "recall": 0.7277227722772277,
    "f1": 0.5166959578207381
}