{
    "accuracy": 0.4799054373522459,
    "precision": 0.4786729857819905,
    "recall": 1.0,
    "f1": 0.6474358974358975
}