{
    "accuracy": 0.5933806146572104,
    "precision": 0.5401069518716578,
    "recall": 1.0,
    "f1": 0.701388888888889
}