{
    "accuracy": 0.3404255319148936,
    "precision": 0.3524904214559387,
    "recall": 0.45544554455445546,
    "f1": 0.3974082073434125
}