{
    "accuracy": 0.900709219858156,
    "precision": 0.949438202247191,
    "recall": 0.8366336633663366,
    "f1": 0.8894736842105263
}