{
    "accuracy": 0.33569739952718675,
    "precision": 0.340080971659919,
    "recall": 0.4158415841584158,
    "f1": 0.37416481069042307
}