{
    "accuracy": 0.47754137115839246,
    "precision": 0.47754137115839246,
    "recall": 1.0,
    "f1": 0.6464
}