{
    "accuracy": 0.9385342789598109,
    "precision": 0.94,
    "recall": 0.9306930693069307,
    "f1": 0.9353233830845772
}