{
    "accuracy": 0.48936170212765956,
    "precision": 0.48325358851674644,
    "recall": 1.0,
    "f1": 0.6516129032258065
}