{
    "accuracy": 0.43498817966903075,
    "precision": 0.454320987654321,
    "recall": 0.9108910891089109,
    "f1": 0.6062602965403624
}