{
    "accuracy": 0.8912529550827423,
    "precision": 0.8786407766990292,
    "recall": 0.8960396039603961,
    "f1": 0.8872549019607844
}