{
    "accuracy": 0.8888888888888888,
    "precision": 0.8538812785388128,
    "recall": 0.9257425742574258,
    "f1": 0.8883610451306414
}