{
    "accuracy": 0.3380614657210402,
    "precision": 0.3879310344827586,
    "recall": 0.6683168316831684,
    "f1": 0.490909090909091
}